anchor,chunks,successful_chunks,avg_mean,avg_median,avg_cv,avg_zero_share,avg_low_share_le_5,avg_high_share_ge_90,score
face wash,4,4,42.13679245283019,40.75,0.2506454927566696,0.0,0.0,0.02830188679245283,0.08354554059985145
sunscreen,4,4,36.551886792452834,32.0,0.5702407724118013,0.0,0.0,0.018867924528301886,0.12258589033141688
moisturizer,4,4,30.63679245283019,25.5,0.5916748881399864,0.0,0.0,0.0330188679245283,0.14033632533689214
face cleanser,4,4,24.39622641509434,20.75,0.5138003666395771,0.0,0.2358490566037736,0.014150943396226415,0.19678972292360275
