anchor,chunks,avg_mean,avg_median,avg_zero_share,avg_low_share_le_5,avg_cv,cv_sd,avg_high_share_ge_90,target_mean_penalty,score
face wash,4,42.132075471698116,40.75,0.0,0.0,0.2506616486201072,0.0006148137943900364,0.02830188679245283,0.20377358490566044,0.06324341971770825
sunscreen,4,36.551886792452834,32.0,0.0,0.0,0.5702407724118013,0.00035552463693688807,0.018867924528301886,0.044339622641509535,0.11820525676280647
moisturizer,4,30.632075471698116,25.5,0.0,0.0,0.5917700668321243,0.0015482887757822805,0.0330188679245283,0.12479784366576813,0.12812803565853345
eye cream,4,24.2311320754717,20.0,0.0,0.0047169811320754715,0.6041917053481923,0.0013892295175620868,0.02830188679245283,0.3076819407008086,0.1402044074379736
face cleanser,2,17.160377358490567,14.5,0.0,0.4716981132075472,0.5167523864495345,0.007928774859527787,0.009433962264150943,0.5097035040431267,0.22530798758891696
face serum,4,18.86320754716981,15.0,0.0,0.21226415094339623,0.8078977088342534,0.015033442393444174,0.02830188679245283,0.4610512129380054,0.2321701376406921
