anchor,chunks,successful_chunks,avg_mean,avg_median,avg_cv,avg_zero_share,avg_low_share_le_5,avg_high_share_ge_90,score
retinol,5,5,33.758490566037736,29.4,0.4252823960339359,0.0,0.0,0.022641509433962266,0.09264138486716456
vitamin c,5,5,45.56603773584906,42.8,0.3001584537953255,0.0,0.0,0.03018867924528302,0.10833357755151794
glycolic acid,5,5,29.6566037735849,28.6,0.2647545438593936,0.0,0.16603773584905662,0.022641509433962266,0.11132287642686528
salicylic acid,5,5,28.50188679245283,24.8,0.43145180261862387,0.0,0.041509433962264156,0.022641509433962266,0.12470545486334743
hyaluronic acid,5,5,25.826415094339627,22.2,0.5178706084154918,0.0,0.0037735849056603774,0.022641509433962266,0.14590835348902828
niacinamide,5,5,24.532075471698114,20.2,0.5739235635972002,0.0,0.033962264150943396,0.022641509433962266,0.16870385018574732
